iou,conf,precision,recall,map50,f1
0.5,0.3,0.7098646034816247,0.6410480349344978,0.6835194778754479,0.6737035337310693
0.5,0.25,0.6936646527866316,0.6489082969432315,0.6842956671393263,0.6705404701920442
0.5,0.1,0.6953519298406527,0.6480349344978166,0.7068912015568317,0.670860128633333
0.55,0.3,0.7050912584053795,0.6410480349344978,0.6824667330146008,0.6715462031107045
0.55,0.25,0.689536251187809,0.6480349344978166,0.6835049400674127,0.6681417544791296
0.55,0.1,0.689536251187809,0.6480349344978166,0.7051306155290057,0.6681417544791296
0.65,0.3,0.6939736346516008,0.6436681222707423,0.6784081200542993,0.6678749433620299
0.65,0.25,0.6955936274387414,0.6426171773753266,0.6783158882867153,0.6680567992081863
0.65,0.1,0.6955936274387414,0.6426171773753266,0.6982164484546428,0.6680567992081863
