image,split,resolution,blur_score,brightness,lesion_density,quality_score,issues
kurnaz_000365.jpg,valid,640x640,280.12,178.1,21,Good,None
kurnaz_000366.jpg,valid,640x640,459.71,139.89,17,Good,None
kurnaz_000367.jpg,valid,640x640,213.95,158.12,31,Good,None
kurnaz_000368.jpg,valid,640x640,702.11,173.87,8,Excellent,None
kurnaz_000369.jpg,valid,640x640,250.38,155.54,9,Good,None
kurnaz_000370.jpg,valid,640x640,202.42,206.0,29,Good,None
kurnaz_000371.jpg,valid,640x640,725.51,132.5,17,Excellent,None
kurnaz_000372.jpg,valid,640x640,297.32,150.61,3,Good,None
kurnaz_000373.jpg,valid,640x640,409.55,211.17,14,Good,None
kurnaz_000374.jpg,valid,640x640,100.6,160.64,9,Good,None
kurnaz_000375.jpg,valid,640x640,22.08,217.21,11,Poor,Severe Blur
kurnaz_000376.jpg,valid,640x640,114.07,159.11,7,Good,None
kurnaz_000377.jpg,valid,640x640,482.35,196.55,10,Good,None
kurnaz_000378.jpg,valid,640x640,223.97,191.36,13,Good,None
kurnaz_000379.jpg,valid,640x640,549.27,199.28,5,Excellent,None
kurnaz_000380.jpg,valid,640x640,468.59,168.13,13,Good,None
kurnaz_000381.jpg,valid,640x640,486.53,142.6,30,Good,None
kurnaz_000382.jpg,valid,640x640,64.9,116.37,20,Questionable,Moderate Blur
kurnaz_000383.jpg,valid,640x640,408.26,177.62,20,Good,None
kurnaz_000384.jpg,valid,640x640,37.68,185.6,24,Questionable,Moderate Blur
kurnaz_000385.jpg,valid,640x640,248.43,120.48,21,Good,None
kurnaz_000386.jpg,valid,640x640,279.43,127.22,21,Good,None
kurnaz_000387.jpg,valid,640x640,41.31,162.81,11,Questionable,Moderate Blur
kurnaz_000388.jpg,valid,640x640,175.33,156.34,26,Good,None
kurnaz_000389.jpg,valid,640x640,337.49,178.63,52,Good,None
kurnaz_000390.jpg,valid,640x640,635.91,178.13,38,Excellent,None
kurnaz_000391.jpg,valid,640x640,700.78,119.61,31,Excellent,None
kurnaz_000392.jpg,valid,640x640,274.35,197.96,15,Good,None
kurnaz_000393.jpg,valid,640x640,136.52,205.0,30,Good,None
kurnaz_000394.jpg,valid,640x640,235.7,202.15,30,Good,None
kurnaz_000395.jpg,valid,640x640,262.09,143.9,14,Good,None
kurnaz_000396.jpg,valid,640x640,21.74,198.28,2,Poor,Severe Blur
kurnaz_000397.jpg,valid,640x640,200.66,175.41,14,Good,None
kurnaz_000398.jpg,valid,640x640,57.02,147.98,4,Questionable,Moderate Blur
kurnaz_000399.jpg,valid,640x640,216.09,160.79,14,Good,None
kurnaz_000400.jpg,valid,640x640,62.8,152.05,6,Questionable,Moderate Blur
kurnaz_000401.jpg,valid,640x640,66.53,129.95,2,Questionable,Moderate Blur
kurnaz_000402.jpg,valid,640x640,81.65,196.88,15,Questionable,Moderate Blur
kurnaz_000403.jpg,valid,640x640,102.56,191.88,15,Good,None
kurnaz_000404.jpg,valid,640x640,25.48,227.86,25,Poor,Severe Blur | Extreme Glare/Overexposed
kurnaz_000405.jpg,valid,640x640,222.42,204.03,44,Good,None
kurnaz_000406.jpg,valid,640x640,224.23,223.06,17,Good,None
kurnaz_000407.jpg,valid,640x640,88.39,108.71,26,Questionable,Moderate Blur
kurnaz_000408.jpg,valid,640x640,97.87,179.59,9,Questionable,Moderate Blur
kurnaz_000409.jpg,valid,640x640,338.06,208.09,12,Good,None
kurnaz_000410.jpg,valid,640x640,144.56,134.02,5,Good,None
kurnaz_000411.jpg,valid,640x640,111.72,178.55,33,Good,None
kurnaz_000412.jpg,valid,640x640,33.25,209.56,4,Questionable,Moderate Blur
kurnaz_000413.jpg,valid,640x640,36.51,162.89,38,Questionable,Moderate Blur
kurnaz_000414.jpg,valid,640x640,308.55,113.02,7,Good,None
kurnaz_000415.jpg,valid,640x640,131.53,174.86,21,Good,None
kurnaz_000416.jpg,valid,640x640,33.63,199.89,34,Questionable,Moderate Blur
kurnaz_000417.jpg,valid,640x640,115.88,176.46,9,Good,None
kurnaz_000418.jpg,valid,640x640,112.37,131.86,24,Good,None
kurnaz_000419.jpg,valid,640x640,30.68,205.47,9,Questionable,Moderate Blur
kurnaz_000420.jpg,valid,640x640,50.73,111.3,6,Questionable,Moderate Blur
kurnaz_000421.jpg,valid,640x640,81.21,197.1,14,Questionable,Moderate Blur
kurnaz_000422.jpg,valid,640x640,34.35,126.08,7,Questionable,Moderate Blur
kurnaz_000423.jpg,valid,640x640,83.23,161.01,16,Questionable,Moderate Blur
kurnaz_000424.jpg,valid,640x640,109.41,163.99,17,Good,None
kurnaz_000425.jpg,valid,640x640,90.79,163.52,8,Questionable,Moderate Blur
kurnaz_000426.jpg,valid,640x640,121.53,198.69,26,Good,None
kurnaz_000427.jpg,valid,640x640,44.64,134.61,13,Questionable,Moderate Blur
kurnaz_000428.jpg,valid,640x640,95.44,189.39,4,Questionable,Moderate Blur
kurnaz_000429.jpg,valid,640x640,186.43,136.02,4,Good,None
kurnaz_000430.jpg,valid,640x640,24.81,139.22,4,Poor,Severe Blur
kurnaz_000431.jpg,valid,640x640,34.6,142.49,4,Questionable,Moderate Blur
kurnaz_000432.jpg,valid,640x640,22.9,117.0,17,Poor,Severe Blur
kurnaz_000433.jpg,valid,640x640,72.69,169.11,8,Questionable,Moderate Blur
kurnaz_000434.jpg,valid,640x640,30.92,149.54,30,Questionable,Moderate Blur
kurnaz_000435.jpg,valid,640x640,176.09,237.11,40,Poor,Extreme Glare/Overexposed
kurnaz_000436.jpg,valid,640x640,51.25,189.43,4,Questionable,Moderate Blur
kurnaz_000437.jpg,valid,640x640,25.2,177.4,4,Poor,Severe Blur
kurnaz_000438.jpg,valid,640x640,42.92,123.08,4,Questionable,Moderate Blur
kurnaz_000439.jpg,valid,640x640,217.02,209.63,6,Good,None
kurnaz_000440.jpg,valid,640x640,230.8,222.07,14,Good,None
kurnaz_000441.jpg,valid,640x640,26.19,173.37,5,Poor,Severe Blur
kurnaz_000442.jpg,valid,640x640,20.76,135.92,11,Poor,Severe Blur
kurnaz_000001.jpg,train,640x640,146.05,159.11,10,Good,None
kurnaz_000002.jpg,train,640x640,35.34,164.25,10,Questionable,Moderate Blur
kurnaz_000003.jpg,train,640x640,141.37,130.68,3,Good,None
kurnaz_000004.jpg,train,640x640,135.29,201.29,8,Good,None
kurnaz_000005.jpg,train,640x640,123.51,181.27,8,Good,None
kurnaz_000006.jpg,train,640x640,331.58,213.49,17,Good,None
kurnaz_000007.jpg,train,640x640,367.24,233.01,12,Poor,Extreme Glare/Overexposed
kurnaz_000008.jpg,train,640x640,34.04,226.87,12,Poor,Moderate Blur | Extreme Glare/Overexposed
kurnaz_000009.jpg,train,640x640,96.62,163.93,4,Questionable,Moderate Blur
kurnaz_000010.jpg,train,640x640,53.53,161.51,4,Questionable,Moderate Blur
kurnaz_000011.jpg,train,640x640,24.58,169.78,8,Poor,Severe Blur
kurnaz_000012.jpg,train,640x640,25.61,164.6,8,Poor,Severe Blur
kurnaz_000013.jpg,train,640x640,49.13,211.28,6,Questionable,Moderate Blur
kurnaz_000014.jpg,train,640x640,82.06,180.06,10,Questionable,Moderate Blur
kurnaz_000015.jpg,train,640x640,62.2,188.99,6,Questionable,Moderate Blur
kurnaz_000016.jpg,train,640x640,401.24,156.53,6,Good,None
kurnaz_000017.jpg,train,640x640,284.51,170.33,30,Good,None
kurnaz_000018.jpg,train,640x640,598.62,175.91,30,Excellent,None
kurnaz_000019.jpg,train,640x640,471.81,174.83,30,Good,None
kurnaz_000020.jpg,train,640x640,304.92,177.36,28,Good,None
kurnaz_000021.jpg,train,640x640,119.65,165.45,31,Good,None
kurnaz_000022.jpg,train,640x640,80.03,164.04,31,Questionable,Moderate Blur
kurnaz_000023.jpg,train,640x640,338.74,138.68,16,Good,None
kurnaz_000024.jpg,train,640x640,366.39,136.99,16,Good,None
kurnaz_000025.jpg,train,640x640,600.25,175.74,12,Excellent,None
kurnaz_000026.jpg,train,640x640,29.02,185.16,17,Poor,Severe Blur
kurnaz_000027.jpg,train,640x640,127.31,146.63,9,Good,None
kurnaz_000028.jpg,train,640x640,441.19,178.03,12,Good,None
kurnaz_000029.jpg,train,640x640,506.89,185.88,12,Excellent,None
kurnaz_000030.jpg,train,640x640,640.4,197.16,13,Excellent,None
kurnaz_000031.jpg,train,640x640,421.17,187.24,9,Good,None
kurnaz_000032.jpg,train,640x640,30.41,183.15,23,Questionable,Moderate Blur
kurnaz_000033.jpg,train,640x640,31.68,175.4,23,Questionable,Moderate Blur
kurnaz_000034.jpg,train,640x640,275.15,168.9,36,Good,None
kurnaz_000035.jpg,train,640x640,304.87,166.94,36,Good,None
kurnaz_000036.jpg,train,640x640,334.96,155.58,3,Good,None
kurnaz_000037.jpg,train,640x640,390.3,166.0,3,Good,None
kurnaz_000038.jpg,train,640x640,230.27,153.14,6,Good,None
kurnaz_000039.jpg,train,640x640,65.3,170.17,17,Questionable,Moderate Blur
kurnaz_000040.jpg,train,640x640,195.72,206.34,4,Good,None
kurnaz_000041.jpg,train,640x640,267.68,169.69,5,Good,None
kurnaz_000042.jpg,train,640x640,542.85,201.3,14,Good,None
kurnaz_000043.jpg,train,640x640,325.87,161.88,5,Good,None
kurnaz_000044.jpg,train,640x640,343.54,159.99,5,Good,None
kurnaz_000045.jpg,train,640x640,193.06,166.28,9,Good,None
kurnaz_000046.jpg,train,640x640,115.32,154.42,9,Good,None
kurnaz_000047.jpg,train,640x640,396.08,140.76,28,Good,None
kurnaz_000048.jpg,train,640x640,40.91,138.99,22,Questionable,Moderate Blur
kurnaz_000049.jpg,train,640x640,165.02,137.9,22,Good,None
kurnaz_000050.jpg,train,640x640,154.78,127.74,7,Good,None
kurnaz_000051.jpg,train,640x640,115.83,114.1,5,Good,None
kurnaz_000052.jpg,train,640x640,143.78,81.12,13,Good,None
kurnaz_000053.jpg,train,640x640,226.15,130.97,12,Good,None
kurnaz_000054.jpg,train,640x640,164.02,140.64,9,Good,None
kurnaz_000055.jpg,train,640x640,202.69,170.28,13,Good,None
kurnaz_000056.jpg,train,640x640,343.21,167.28,13,Good,None
kurnaz_000057.jpg,train,640x640,292.82,189.24,16,Good,None
kurnaz_000058.jpg,train,640x640,84.78,189.65,6,Questionable,Moderate Blur
kurnaz_000059.jpg,train,640x640,105.12,193.8,6,Good,None
kurnaz_000060.jpg,train,640x640,1289.84,127.82,4,Excellent,None
kurnaz_000061.jpg,train,640x640,1351.69,129.19,4,Excellent,None
kurnaz_000062.jpg,train,640x640,258.75,203.38,10,Good,None
kurnaz_000063.jpg,train,640x640,133.76,196.87,5,Good,None
kurnaz_000064.jpg,train,640x640,405.58,178.92,0,Questionable,No Annotations
kurnaz_000065.jpg,train,640x640,351.17,170.38,0,Questionable,No Annotations
kurnaz_000066.jpg,train,640x640,354.88,162.16,13,Good,None
kurnaz_000067.jpg,train,640x640,552.08,163.68,13,Excellent,None
kurnaz_000068.jpg,train,640x640,84.55,180.04,13,Questionable,Moderate Blur
kurnaz_000069.jpg,train,640x640,676.95,172.25,7,Excellent,None
kurnaz_000070.jpg,train,640x640,538.75,140.47,30,Excellent,None
kurnaz_000071.jpg,train,640x640,212.01,158.15,11,Good,None
kurnaz_000072.jpg,train,640x640,83.93,113.47,31,Questionable,Moderate Blur
kurnaz_000073.jpg,train,640x640,79.98,123.03,31,Questionable,Moderate Blur
kurnaz_000074.jpg,train,640x640,113.39,114.28,20,Good,None
kurnaz_000075.jpg,train,640x640,243.83,127.48,62,Good,None
kurnaz_000076.jpg,train,640x640,322.72,155.99,25,Good,None
kurnaz_000077.jpg,train,640x640,234.7,150.04,13,Good,None
kurnaz_000078.jpg,train,640x640,91.3,123.37,18,Questionable,Moderate Blur
kurnaz_000079.jpg,train,640x640,139.59,187.7,21,Good,None
kurnaz_000080.jpg,train,640x640,399.73,139.17,71,Good,None
kurnaz_000081.jpg,train,640x640,326.89,143.83,71,Good,None
kurnaz_000082.jpg,train,640x640,343.81,156.4,15,Good,None
kurnaz_000083.jpg,train,640x640,185.13,130.03,9,Good,None
kurnaz_000084.jpg,train,640x640,212.82,126.64,9,Good,None
kurnaz_000085.jpg,train,640x640,194.08,123.91,25,Good,None
kurnaz_000086.jpg,train,640x640,175.13,129.99,6,Good,None
kurnaz_000087.jpg,train,640x640,72.9,122.79,18,Questionable,Moderate Blur
kurnaz_000088.jpg,train,640x640,36.39,103.13,30,Questionable,Moderate Blur
kurnaz_000089.jpg,train,640x640,255.56,167.42,17,Good,None
kurnaz_000090.jpg,train,640x640,224.94,153.33,13,Good,None
kurnaz_000091.jpg,train,640x640,324.17,158.16,13,Good,None
kurnaz_000092.jpg,train,640x640,127.46,154.6,7,Good,None
kurnaz_000093.jpg,train,640x640,183.01,154.28,7,Good,None
kurnaz_000094.jpg,train,640x640,302.75,196.17,26,Good,None
kurnaz_000095.jpg,train,640x640,359.53,191.79,18,Good,None
kurnaz_000096.jpg,train,640x640,49.17,181.24,21,Questionable,Moderate Blur
kurnaz_000097.jpg,train,640x640,262.58,152.89,17,Good,None
kurnaz_000098.jpg,train,640x640,809.73,112.42,61,Excellent,None
kurnaz_000099.jpg,train,640x640,804.65,118.01,61,Excellent,None
kurnaz_000100.jpg,train,640x640,824.77,151.45,14,Excellent,None
kurnaz_000101.jpg,train,640x640,391.26,182.37,12,Good,None
kurnaz_000102.jpg,train,640x640,538.39,182.07,12,Excellent,None
kurnaz_000103.jpg,train,640x640,630.49,155.65,13,Excellent,None
kurnaz_000104.jpg,train,640x640,125.55,178.0,7,Good,None
kurnaz_000105.jpg,train,640x640,328.88,140.06,27,Good,None
kurnaz_000106.jpg,train,640x640,576.24,172.81,38,Excellent,None
kurnaz_000107.jpg,train,640x640,781.72,117.65,31,Excellent,None
kurnaz_000108.jpg,train,640x640,415.72,198.91,24,Good,None
kurnaz_000109.jpg,train,640x640,392.61,205.72,24,Good,None
kurnaz_000110.jpg,train,640x640,331.38,208.67,9,Good,None
kurnaz_000111.jpg,train,640x640,711.62,178.32,26,Excellent,None
kurnaz_000112.jpg,train,640x640,451.18,170.02,17,Good,None
kurnaz_000113.jpg,train,640x640,444.55,166.2,17,Good,None
kurnaz_000114.jpg,train,640x640,327.31,171.62,17,Good,None
kurnaz_000115.jpg,train,640x640,236.94,197.62,8,Good,None
kurnaz_000116.jpg,train,640x640,298.66,141.09,14,Good,None
kurnaz_000117.jpg,train,640x640,178.78,159.81,6,Good,None
kurnaz_000118.jpg,train,640x640,38.37,162.28,6,Questionable,Moderate Blur
kurnaz_000119.jpg,train,640x640,22.68,140.94,4,Poor,Severe Blur
kurnaz_000120.jpg,train,640x640,218.15,144.69,4,Good,None
kurnaz_000121.jpg,train,640x640,35.72,143.21,4,Questionable,Moderate Blur
kurnaz_000122.jpg,train,640x640,50.7,142.99,7,Questionable,Moderate Blur
kurnaz_000123.jpg,train,640x640,69.16,153.82,11,Questionable,Moderate Blur
kurnaz_000124.jpg,train,640x640,261.88,172.9,6,Good,None
kurnaz_000125.jpg,train,640x640,73.38,183.51,8,Questionable,Moderate Blur
kurnaz_000126.jpg,train,640x640,219.44,181.6,8,Good,None
kurnaz_000127.jpg,train,640x640,362.1,125.43,3,Good,None
kurnaz_000128.jpg,train,640x640,109.95,125.57,3,Good,None
kurnaz_000129.jpg,train,640x640,27.24,110.19,8,Poor,Severe Blur
kurnaz_000130.jpg,train,640x640,143.46,194.01,18,Good,None
kurnaz_000131.jpg,train,640x640,52.09,175.48,17,Questionable,Moderate Blur
kurnaz_000132.jpg,train,640x640,148.25,182.45,17,Good,None
kurnaz_000133.jpg,train,640x640,254.9,168.96,14,Good,None
kurnaz_000134.jpg,train,640x640,247.77,171.47,14,Good,None
kurnaz_000135.jpg,train,640x640,162.57,201.65,16,Good,None
kurnaz_000136.jpg,train,640x640,36.57,206.73,16,Questionable,Moderate Blur
kurnaz_000137.jpg,train,640x640,68.17,161.22,5,Questionable,Moderate Blur
kurnaz_000138.jpg,train,640x640,33.44,146.56,9,Questionable,Moderate Blur
kurnaz_000139.jpg,train,640x640,33.86,150.49,9,Questionable,Moderate Blur
kurnaz_000140.jpg,train,640x640,69.51,175.85,5,Questionable,Moderate Blur
kurnaz_000141.jpg,train,640x640,27.58,182.14,36,Poor,Severe Blur
kurnaz_000142.jpg,train,640x640,55.26,173.52,13,Questionable,Moderate Blur
kurnaz_000143.jpg,train,640x640,147.74,174.57,13,Good,None
kurnaz_000144.jpg,train,640x640,173.75,156.64,7,Good,None
kurnaz_000145.jpg,train,640x640,210.02,216.81,9,Good,None
kurnaz_000146.jpg,train,640x640,40.79,213.38,9,Questionable,Moderate Blur
kurnaz_000147.jpg,train,640x640,196.3,206.49,9,Good,None
kurnaz_000148.jpg,train,640x640,135.57,198.04,23,Good,None
kurnaz_000149.jpg,train,640x640,160.23,160.18,14,Good,None
kurnaz_000150.jpg,train,640x640,24.57,141.94,18,Poor,Severe Blur
kurnaz_000151.jpg,train,640x640,119.71,144.54,4,Good,None
kurnaz_000152.jpg,train,640x640,22.44,171.42,12,Poor,Severe Blur
kurnaz_000153.jpg,train,640x640,78.67,164.88,14,Questionable,Moderate Blur
kurnaz_000154.jpg,train,640x640,197.89,166.55,14,Good,None
kurnaz_000155.jpg,train,640x640,78.24,149.59,17,Questionable,Moderate Blur
kurnaz_000156.jpg,train,640x640,68.99,149.09,17,Questionable,Moderate Blur
kurnaz_000157.jpg,train,640x640,70.29,195.61,35,Questionable,Moderate Blur
kurnaz_000158.jpg,train,640x640,276.34,186.77,35,Good,None
kurnaz_000159.jpg,train,640x640,175.09,184.99,35,Good,None
kurnaz_000160.jpg,train,640x640,138.06,167.92,22,Good,None
kurnaz_000161.jpg,train,640x640,180.84,187.54,22,Good,None
kurnaz_000162.jpg,train,640x640,80.17,177.25,22,Questionable,Moderate Blur
kurnaz_000163.jpg,train,640x640,41.45,173.54,9,Questionable,Moderate Blur
kurnaz_000164.jpg,train,640x640,115.42,174.86,9,Good,None
kurnaz_000165.jpg,train,640x640,151.76,175.82,9,Good,None
kurnaz_000166.jpg,train,640x640,98.26,157.51,6,Questionable,Moderate Blur
kurnaz_000167.jpg,train,640x640,77.56,215.83,11,Questionable,Moderate Blur
kurnaz_000168.jpg,train,640x640,287.84,187.54,6,Good,None
kurnaz_000169.jpg,train,640x640,94.24,177.49,10,Questionable,Moderate Blur
kurnaz_000170.jpg,train,640x640,261.07,178.05,10,Good,None
kurnaz_000171.jpg,train,640x640,352.26,183.48,10,Good,None
kurnaz_000172.jpg,train,640x640,206.95,181.94,16,Good,None
kurnaz_000173.jpg,train,640x640,179.61,191.82,16,Good,None
kurnaz_000174.jpg,train,640x640,49.33,186.74,16,Questionable,Moderate Blur
kurnaz_000175.jpg,train,640x640,274.99,220.63,12,Good,None
kurnaz_000176.jpg,train,640x640,312.14,233.2,12,Poor,Extreme Glare/Overexposed
kurnaz_000177.jpg,train,640x640,49.03,194.98,5,Questionable,Moderate Blur
kurnaz_000178.jpg,train,640x640,111.45,161.44,7,Good,None
kurnaz_000179.jpg,train,640x640,120.84,149.87,18,Good,None
kurnaz_000180.jpg,train,640x640,58.61,157.93,0,Questionable,Moderate Blur | No Annotations
kurnaz_000181.jpg,train,640x640,104.59,151.58,0,Questionable,No Annotations
kurnaz_000182.jpg,train,640x640,322.36,197.92,11,Good,None
kurnaz_000183.jpg,train,640x640,47.17,198.08,11,Questionable,Moderate Blur
kurnaz_000184.jpg,train,640x640,168.69,183.39,24,Good,None
kurnaz_000185.jpg,train,640x640,43.22,155.3,9,Questionable,Moderate Blur
kurnaz_000186.jpg,train,640x640,40.47,151.31,6,Questionable,Moderate Blur
kurnaz_000187.jpg,train,640x640,246.33,156.04,6,Good,None
kurnaz_000188.jpg,train,640x640,162.77,152.17,7,Good,None
kurnaz_000189.jpg,train,640x640,609.37,152.93,7,Excellent,None
kurnaz_000190.jpg,train,640x640,354.04,151.06,7,Good,None
kurnaz_000191.jpg,train,640x640,68.79,114.92,11,Questionable,Moderate Blur
kurnaz_000192.jpg,train,640x640,41.88,118.26,11,Questionable,Moderate Blur
kurnaz_000193.jpg,train,640x640,183.49,221.02,17,Good,None
kurnaz_000194.jpg,train,640x640,22.67,235.41,23,Poor,Severe Blur | Extreme Glare/Overexposed
kurnaz_000195.jpg,train,640x640,157.33,175.36,9,Good,None
kurnaz_000196.jpg,train,640x640,119.37,178.72,16,Good,None
kurnaz_000197.jpg,train,640x640,183.41,171.24,16,Good,None
kurnaz_000198.jpg,train,640x640,50.95,175.41,16,Questionable,Moderate Blur
kurnaz_000199.jpg,train,640x640,96.34,151.29,13,Questionable,Moderate Blur
kurnaz_000200.jpg,train,640x640,270.16,143.59,13,Good,None
kurnaz_000201.jpg,train,640x640,250.91,143.67,13,Good,None
kurnaz_000202.jpg,train,640x640,136.31,198.47,6,Good,None
kurnaz_000203.jpg,train,640x640,241.26,195.46,6,Good,None
kurnaz_000204.jpg,train,640x640,109.22,193.78,6,Good,None
kurnaz_000205.jpg,train,640x640,238.5,231.52,2,Poor,Extreme Glare/Overexposed
kurnaz_000206.jpg,train,640x640,237.25,181.3,10,Good,None
kurnaz_000207.jpg,train,640x640,54.19,174.06,10,Questionable,Moderate Blur
kurnaz_000208.jpg,train,640x640,194.65,158.41,15,Good,None
kurnaz_000209.jpg,train,640x640,29.26,212.35,12,Poor,Severe Blur
kurnaz_000210.jpg,train,640x640,34.25,136.91,5,Questionable,Moderate Blur
kurnaz_000211.jpg,train,640x640,85.15,176.84,28,Questionable,Moderate Blur
kurnaz_000212.jpg,train,640x640,227.18,174.49,28,Good,None
kurnaz_000213.jpg,train,640x640,74.59,179.74,25,Questionable,Moderate Blur
kurnaz_000214.jpg,train,640x640,36.36,138.39,0,Questionable,Moderate Blur | No Annotations
kurnaz_000215.jpg,train,640x640,73.51,135.14,0,Questionable,Moderate Blur | No Annotations
kurnaz_000216.jpg,train,640x640,314.41,162.62,13,Good,None
kurnaz_000217.jpg,train,640x640,199.68,157.6,13,Good,None
kurnaz_000218.jpg,train,640x640,77.15,162.13,13,Questionable,Moderate Blur
kurnaz_000219.jpg,train,640x640,24.77,201.67,1,Poor,Severe Blur
kurnaz_000220.jpg,train,640x640,22.75,201.73,8,Poor,Severe Blur
kurnaz_000221.jpg,train,640x640,209.4,195.64,8,Good,None
kurnaz_000222.jpg,train,640x640,163.06,151.16,16,Good,None
kurnaz_000223.jpg,train,640x640,119.75,155.79,16,Good,None
kurnaz_000224.jpg,train,640x640,139.22,152.82,16,Good,None
kurnaz_000225.jpg,train,640x640,132.69,155.29,38,Good,None
kurnaz_000226.jpg,train,640x640,68.08,158.98,38,Questionable,Moderate Blur
kurnaz_000227.jpg,train,640x640,40.31,208.3,16,Questionable,Moderate Blur
kurnaz_000228.jpg,train,640x640,24.64,228.55,18,Poor,Severe Blur | Extreme Glare/Overexposed
kurnaz_000229.jpg,train,640x640,61.83,129.14,13,Questionable,Moderate Blur
kurnaz_000230.jpg,train,640x640,63.67,135.65,13,Questionable,Moderate Blur
kurnaz_000231.jpg,train,640x640,50.74,173.6,7,Questionable,Moderate Blur
kurnaz_000232.jpg,train,640x640,127.94,217.27,11,Good,None
kurnaz_000233.jpg,train,640x640,65.8,144.27,14,Questionable,Moderate Blur
kurnaz_000234.jpg,train,640x640,30.52,175.07,21,Questionable,Moderate Blur
kurnaz_000235.jpg,train,640x640,23.77,176.07,6,Poor,Severe Blur
kurnaz_000236.jpg,train,640x640,142.99,160.87,5,Good,None
kurnaz_000237.jpg,train,640x640,45.83,142.29,22,Questionable,Moderate Blur
kurnaz_000238.jpg,train,640x640,71.56,175.68,9,Questionable,Moderate Blur
kurnaz_000239.jpg,train,640x640,125.35,190.3,2,Good,None
kurnaz_000240.jpg,train,640x640,75.11,196.64,2,Questionable,Moderate Blur
kurnaz_000241.jpg,train,640x640,160.18,180.47,8,Good,None
kurnaz_000242.jpg,train,640x640,20.54,184.26,8,Poor,Severe Blur
kurnaz_000243.jpg,train,640x640,35.23,172.06,6,Questionable,Moderate Blur
kurnaz_000244.jpg,train,640x640,90.57,134.16,24,Questionable,Moderate Blur
kurnaz_000245.jpg,train,640x640,175.79,207.31,9,Good,None
kurnaz_000246.jpg,train,640x640,72.8,178.66,4,Questionable,Moderate Blur
kurnaz_000247.jpg,train,640x640,31.05,139.04,15,Questionable,Moderate Blur
kurnaz_000248.jpg,train,640x640,102.73,163.47,7,Good,None
kurnaz_000249.jpg,train,640x640,117.46,154.0,5,Good,None
kurnaz_000250.jpg,train,640x640,57.63,176.53,17,Questionable,Moderate Blur
kurnaz_000251.jpg,train,640x640,152.89,197.83,15,Good,None
kurnaz_000252.jpg,train,640x640,176.14,194.66,15,Good,None
kurnaz_000253.jpg,train,640x640,21.42,124.03,7,Poor,Severe Blur
kurnaz_000254.jpg,train,640x640,338.73,208.93,5,Good,None
kurnaz_000255.jpg,train,640x640,61.25,211.52,5,Questionable,Moderate Blur
kurnaz_000256.jpg,train,640x640,23.81,134.75,20,Poor,Severe Blur
kurnaz_000257.jpg,train,640x640,38.39,125.08,20,Questionable,Moderate Blur
kurnaz_000258.jpg,train,640x640,91.86,136.56,0,Questionable,Moderate Blur | No Annotations
kurnaz_000259.jpg,train,640x640,72.69,143.94,5,Questionable,Moderate Blur
kurnaz_000260.jpg,train,640x640,24.38,153.51,11,Poor,Severe Blur
kurnaz_000261.jpg,train,640x640,125.1,138.3,8,Good,None
kurnaz_000262.jpg,train,640x640,22.43,177.83,13,Poor,Severe Blur
kurnaz_000263.jpg,train,640x640,136.43,173.95,13,Good,None
kurnaz_000264.jpg,train,640x640,37.14,151.64,2,Questionable,Moderate Blur
kurnaz_000265.jpg,train,640x640,43.3,169.32,17,Questionable,Moderate Blur
kurnaz_000266.jpg,train,640x640,23.32,169.12,8,Poor,Severe Blur
kurnaz_000267.jpg,train,640x640,28.16,189.32,26,Poor,Severe Blur
kurnaz_000268.jpg,train,640x640,60.74,210.66,5,Questionable,Moderate Blur
kurnaz_000269.jpg,train,640x640,54.9,118.78,4,Questionable,Moderate Blur
kurnaz_000270.jpg,train,640x640,87.19,130.4,7,Questionable,Moderate Blur
kurnaz_000271.jpg,train,640x640,157.18,173.62,21,Good,None
kurnaz_000272.jpg,train,640x640,95.64,189.83,14,Questionable,Moderate Blur
kurnaz_000273.jpg,train,640x640,78.86,164.87,13,Questionable,Moderate Blur
kurnaz_000274.jpg,train,640x640,20.89,160.97,13,Poor,Severe Blur
kurnaz_000275.jpg,train,640x640,33.69,198.31,4,Questionable,Moderate Blur
kurnaz_000276.jpg,train,640x640,60.5,173.62,6,Questionable,Moderate Blur
kurnaz_000277.jpg,train,640x640,20.59,137.63,3,Poor,Severe Blur
kurnaz_000278.jpg,train,640x640,75.31,143.25,2,Questionable,Moderate Blur
kurnaz_000279.jpg,train,640x640,46.65,109.31,4,Questionable,Moderate Blur
kurnaz_000280.jpg,train,640x640,71.41,117.06,17,Questionable,Moderate Blur
kurnaz_000281.jpg,train,640x640,82.63,104.81,8,Questionable,Moderate Blur
kurnaz_000282.jpg,train,640x640,119.4,194.9,8,Good,None
kurnaz_000283.jpg,train,640x640,57.39,153.24,11,Questionable,Moderate Blur
kurnaz_000284.jpg,train,640x640,50.45,103.69,6,Questionable,Moderate Blur
kurnaz_000285.jpg,train,640x640,160.08,216.12,9,Good,None
kurnaz_000286.jpg,train,640x640,73.53,178.77,12,Questionable,Moderate Blur
kurnaz_000287.jpg,train,640x640,47.08,140.43,8,Questionable,Moderate Blur
kurnaz_000288.jpg,train,640x640,49.88,143.1,8,Questionable,Moderate Blur
kurnaz_000289.jpg,train,640x640,92.04,204.14,14,Questionable,Moderate Blur
kurnaz_000290.jpg,train,640x640,50.95,112.53,13,Questionable,Moderate Blur
kurnaz_000291.jpg,train,640x640,73.1,127.28,10,Questionable,Moderate Blur
kurnaz_000292.jpg,train,640x640,118.62,229.67,11,Poor,Extreme Glare/Overexposed
kurnaz_000293.jpg,train,640x640,28.97,153.15,5,Poor,Severe Blur
kurnaz_000294.jpg,train,640x640,61.57,161.34,5,Questionable,Moderate Blur
kurnaz_000295.jpg,train,640x640,126.46,152.75,4,Good,None
kurnaz_000296.jpg,train,640x640,164.78,230.2,11,Poor,Extreme Glare/Overexposed
kurnaz_000297.jpg,train,640x640,212.4,219.0,8,Good,None
kurnaz_000298.jpg,train,640x640,43.9,167.86,5,Questionable,Moderate Blur
kurnaz_000299.jpg,train,640x640,104.16,161.16,5,Good,None
kurnaz_000300.jpg,train,640x640,127.75,165.08,5,Good,None
kurnaz_000301.jpg,train,640x640,207.62,167.38,2,Good,None
kurnaz_000302.jpg,train,640x640,24.4,153.35,30,Poor,Severe Blur
kurnaz_000303.jpg,train,640x640,154.01,196.29,6,Good,None
kurnaz_000304.jpg,train,640x640,32.1,208.89,19,Questionable,Moderate Blur
kurnaz_000305.jpg,train,640x640,75.33,192.83,13,Questionable,Moderate Blur
kurnaz_000306.jpg,train,640x640,241.72,209.19,5,Good,None
kurnaz_000307.jpg,train,640x640,129.24,169.81,9,Good,None
kurnaz_000308.jpg,train,640x640,98.51,159.72,9,Questionable,Moderate Blur
kurnaz_000309.jpg,train,640x640,109.27,204.84,13,Good,None
kurnaz_000310.jpg,train,640x640,21.6,157.05,24,Poor,Severe Blur
kurnaz_000311.jpg,train,640x640,132.0,200.41,21,Good,None
kurnaz_000312.jpg,train,640x640,36.22,193.29,21,Questionable,Moderate Blur
kurnaz_000313.jpg,train,640x640,71.49,168.22,7,Questionable,Moderate Blur
kurnaz_000314.jpg,train,640x640,130.73,204.3,2,Good,None
kurnaz_000315.jpg,train,640x640,164.24,186.55,4,Good,None
kurnaz_000316.jpg,train,640x640,114.31,176.2,4,Good,None
kurnaz_000317.jpg,train,640x640,28.05,177.59,14,Poor,Severe Blur
kurnaz_000318.jpg,train,640x640,34.94,183.53,14,Questionable,Moderate Blur
kurnaz_000319.jpg,train,640x640,24.76,125.24,4,Poor,Severe Blur
kurnaz_000320.jpg,train,640x640,42.32,205.23,18,Questionable,Moderate Blur
kurnaz_000321.jpg,train,640x640,68.21,186.47,18,Questionable,Moderate Blur
kurnaz_000322.jpg,train,640x640,24.66,145.38,6,Poor,Severe Blur
kurnaz_000323.jpg,train,640x640,29.29,142.31,6,Poor,Severe Blur
kurnaz_000324.jpg,train,640x640,27.9,155.44,14,Poor,Severe Blur
kurnaz_000325.jpg,train,640x640,250.49,152.79,14,Good,None
kurnaz_000326.jpg,train,640x640,88.9,231.4,7,Poor,Moderate Blur | Extreme Glare/Overexposed
kurnaz_000327.jpg,train,640x640,137.3,166.69,9,Good,None
kurnaz_000328.jpg,train,640x640,66.68,145.04,26,Questionable,Moderate Blur
kurnaz_000329.jpg,train,640x640,60.51,146.95,4,Questionable,Moderate Blur
kurnaz_000330.jpg,train,640x640,34.48,145.11,4,Questionable,Moderate Blur
kurnaz_000331.jpg,train,640x640,31.46,153.18,8,Questionable,Moderate Blur
kurnaz_000332.jpg,train,640x640,201.75,175.37,8,Good,None
kurnaz_000333.jpg,train,640x640,445.08,177.69,8,Good,None
kurnaz_000334.jpg,train,640x640,168.42,164.22,6,Good,None
kurnaz_000335.jpg,train,640x640,74.52,161.12,6,Questionable,Moderate Blur
kurnaz_000336.jpg,train,640x640,43.8,229.76,17,Poor,Moderate Blur | Extreme Glare/Overexposed
kurnaz_000337.jpg,train,640x640,304.46,225.23,17,Poor,Extreme Glare/Overexposed
kurnaz_000338.jpg,train,640x640,70.21,111.65,14,Questionable,Moderate Blur
kurnaz_000339.jpg,train,640x640,73.74,144.52,6,Questionable,Moderate Blur
kurnaz_000340.jpg,train,640x640,24.19,221.11,14,Poor,Severe Blur
kurnaz_000341.jpg,train,640x640,155.0,208.74,24,Good,None
kurnaz_000342.jpg,train,640x640,183.18,164.56,17,Good,None
kurnaz_000343.jpg,train,640x640,28.88,229.47,8,Poor,Severe Blur | Extreme Glare/Overexposed
kurnaz_000344.jpg,train,640x640,242.32,206.6,13,Good,None
kurnaz_000345.jpg,train,640x640,44.81,215.32,13,Questionable,Moderate Blur
kurnaz_000346.jpg,train,640x640,47.9,205.3,20,Questionable,Moderate Blur
kurnaz_000347.jpg,train,640x640,56.42,173.45,5,Questionable,Moderate Blur
kurnaz_000348.jpg,train,640x640,88.97,165.98,5,Questionable,Moderate Blur
kurnaz_000349.jpg,train,640x640,25.53,160.92,20,Poor,Severe Blur
kurnaz_000350.jpg,train,640x640,75.94,117.88,32,Questionable,Moderate Blur
kurnaz_000351.jpg,train,640x640,61.82,179.36,10,Questionable,Moderate Blur
kurnaz_000352.jpg,train,640x640,24.67,163.23,9,Poor,Severe Blur
kurnaz_000353.jpg,train,640x640,100.48,161.65,9,Good,None
kurnaz_000354.jpg,train,640x640,354.8,232.37,5,Poor,Extreme Glare/Overexposed
kurnaz_000355.jpg,train,640x640,90.42,148.64,4,Questionable,Moderate Blur
kurnaz_000356.jpg,train,640x640,56.24,128.07,5,Questionable,Moderate Blur
kurnaz_000357.jpg,train,640x640,21.49,126.79,5,Poor,Severe Blur
kurnaz_000358.jpg,train,640x640,155.6,171.58,7,Good,None
kurnaz_000359.jpg,train,640x640,26.8,171.38,7,Poor,Severe Blur
kurnaz_000360.jpg,train,640x640,56.57,143.03,10,Questionable,Moderate Blur
kurnaz_000361.jpg,train,640x640,37.98,203.59,16,Questionable,Moderate Blur
kurnaz_000362.jpg,train,640x640,194.06,204.99,16,Good,None
kurnaz_000363.jpg,train,640x640,48.18,122.51,5,Questionable,Moderate Blur
kurnaz_000364.jpg,train,640x640,511.3,238.17,10,Poor,Extreme Glare/Overexposed
kurnaz_000443.jpg,test,640x640,143.01,186.38,8,Good,None
kurnaz_000444.jpg,test,640x640,20.39,169.03,10,Poor,Severe Blur
kurnaz_000445.jpg,test,640x640,351.39,162.1,6,Good,None
kurnaz_000446.jpg,test,640x640,433.95,178.92,28,Good,None
kurnaz_000447.jpg,test,640x640,137.57,142.9,17,Good,None
kurnaz_000448.jpg,test,640x640,190.58,140.04,17,Good,None
kurnaz_000449.jpg,test,640x640,195.06,187.31,17,Good,None
kurnaz_000450.jpg,test,640x640,297.75,190.58,9,Good,None
kurnaz_000451.jpg,test,640x640,224.38,145.61,3,Good,None
kurnaz_000452.jpg,test,640x640,93.26,191.24,6,Questionable,Moderate Blur
kurnaz_000453.jpg,test,640x640,112.7,168.6,17,Good,None
kurnaz_000454.jpg,test,640x640,404.03,156.52,5,Good,None
kurnaz_000455.jpg,test,640x640,24.13,183.02,13,Poor,Severe Blur
kurnaz_000456.jpg,test,640x640,804.81,169.37,7,Excellent,None
kurnaz_000457.jpg,test,640x640,184.29,135.38,62,Good,None
kurnaz_000458.jpg,test,640x640,179.11,126.84,9,Good,None
kurnaz_000459.jpg,test,640x640,36.13,98.95,30,Questionable,Moderate Blur
kurnaz_000460.jpg,test,640x640,246.19,165.33,17,Good,None
kurnaz_000461.jpg,test,640x640,283.82,184.53,7,Good,None
kurnaz_000462.jpg,test,640x640,323.5,178.02,7,Good,None
kurnaz_000463.jpg,test,640x640,293.81,192.42,18,Good,None
kurnaz_000464.jpg,test,640x640,1503.65,149.01,16,Excellent,None
kurnaz_000465.jpg,test,640x640,821.95,114.41,61,Excellent,None
kurnaz_000466.jpg,test,640x640,709.27,153.15,14,Excellent,None
kurnaz_000467.jpg,test,640x640,337.57,139.87,10,Good,None
kurnaz_000468.jpg,test,640x640,194.16,190.63,15,Good,None
kurnaz_000469.jpg,test,640x640,131.15,158.08,6,Good,None
kurnaz_000470.jpg,test,640x640,147.99,138.25,7,Good,None
kurnaz_000471.jpg,test,640x640,23.42,156.92,11,Poor,Severe Blur
kurnaz_000472.jpg,test,640x640,179.86,178.94,5,Good,None
kurnaz_000473.jpg,test,640x640,114.06,163.83,14,Good,None
kurnaz_000474.jpg,test,640x640,103.52,140.31,18,Good,None
kurnaz_000475.jpg,test,640x640,66.37,150.48,18,Questionable,Moderate Blur
kurnaz_000476.jpg,test,640x640,97.89,154.83,18,Questionable,Moderate Blur
kurnaz_000477.jpg,test,640x640,178.22,194.43,5,Good,None
kurnaz_000478.jpg,test,640x640,107.1,145.84,5,Good,None
kurnaz_000479.jpg,test,640x640,93.79,150.07,5,Questionable,Moderate Blur
kurnaz_000480.jpg,test,640x640,148.11,158.52,0,Questionable,No Annotations
kurnaz_000481.jpg,test,640x640,565.93,176.24,6,Excellent,None
kurnaz_000482.jpg,test,640x640,70.31,178.9,6,Questionable,Moderate Blur
kurnaz_000483.jpg,test,640x640,35.83,106.24,10,Questionable,Moderate Blur
kurnaz_000484.jpg,test,640x640,45.59,135.08,2,Questionable,Moderate Blur
kurnaz_000485.jpg,test,640x640,40.55,159.96,15,Questionable,Moderate Blur
kurnaz_000486.jpg,test,640x640,39.43,161.38,5,Questionable,Moderate Blur
kurnaz_000487.jpg,test,640x640,308.21,118.5,7,Good,None
kurnaz_000488.jpg,test,640x640,105.51,173.24,7,Good,None
kurnaz_000489.jpg,test,640x640,140.9,146.84,14,Good,None
kurnaz_000490.jpg,test,640x640,55.96,147.94,14,Questionable,Moderate Blur
kurnaz_000491.jpg,test,640x640,45.43,148.53,22,Questionable,Moderate Blur
kurnaz_000492.jpg,test,640x640,48.0,176.11,8,Questionable,Moderate Blur
kurnaz_000493.jpg,test,640x640,301.95,178.13,4,Good,None
kurnaz_000494.jpg,test,640x640,104.5,137.99,11,Good,None
kurnaz_000495.jpg,test,640x640,88.28,134.65,11,Questionable,Moderate Blur
kurnaz_000496.jpg,test,640x640,246.05,183.49,8,Good,None
kurnaz_000497.jpg,test,640x640,56.28,147.36,18,Questionable,Moderate Blur
kurnaz_000498.jpg,test,640x640,233.76,207.49,5,Good,None
kurnaz_000499.jpg,test,640x640,76.52,187.82,21,Questionable,Moderate Blur
kurnaz_000500.jpg,test,640x640,58.57,109.68,6,Questionable,Moderate Blur
kurnaz_000501.jpg,test,640x640,181.49,233.66,9,Poor,Extreme Glare/Overexposed
kurnaz_000502.jpg,test,640x640,56.23,174.51,12,Questionable,Moderate Blur
kurnaz_000503.jpg,test,640x640,81.59,166.98,8,Questionable,Moderate Blur
kurnaz_000504.jpg,test,640x640,23.82,230.5,11,Poor,Severe Blur | Extreme Glare/Overexposed
kurnaz_000505.jpg,test,640x640,93.81,164.48,24,Questionable,Moderate Blur
kurnaz_000506.jpg,test,640x640,109.19,187.41,21,Good,None
kurnaz_000507.jpg,test,640x640,70.93,205.56,2,Questionable,Moderate Blur
kurnaz_000508.jpg,test,640x640,31.83,167.27,4,Questionable,Moderate Blur
kurnaz_000509.jpg,test,640x640,50.65,189.6,11,Questionable,Moderate Blur
kurnaz_000510.jpg,test,640x640,52.01,163.62,9,Questionable,Moderate Blur
kurnaz_000511.jpg,test,640x640,36.79,139.0,26,Questionable,Moderate Blur
kurnaz_000512.jpg,test,640x640,23.28,142.59,26,Poor,Severe Blur
kurnaz_000513.jpg,test,640x640,32.85,103.16,13,Questionable,Moderate Blur
kurnaz_000514.jpg,test,640x640,45.85,190.56,13,Questionable,Moderate Blur
kurnaz_000515.jpg,test,640x640,182.16,176.56,16,Good,None
kurnaz_000516.jpg,test,640x640,179.51,183.37,5,Good,None
kurnaz_000517.jpg,test,640x640,20.13,201.01,3,Poor,Severe Blur
kurnaz_000518.jpg,test,640x640,75.46,124.87,32,Questionable,Moderate Blur
kurnaz_000519.jpg,test,640x640,158.24,225.5,5,Poor,Extreme Glare/Overexposed
kurnaz_000520.jpg,test,640x640,27.7,234.94,10,Poor,Severe Blur | Extreme Glare/Overexposed
